{"cameraMode":{"drawMode":0,"name":"Shaded","section":"Shading Mode"},"sceneLighting":true,"audioPlay":false,"sceneViewState":{"m_AlwaysRefresh":false,"showFog":true,"showSkybox":true,"showFlares":true,"showImageEffects":true,"showParticleSystems":true,"showVisualEffectGraphs":true,"m_FxEnabled":true},"in2DMode":false,"pivot":{"x":-0.9417527914047241,"y":4.656442642211914,"z":-2.0101964473724367},"rotation":{"x":-0.18421997129917146,"y":0.035644665360450748,"z":-0.006701409351080656,"w":-0.9822286367416382},"size":19.725719451904298,"orthographic":true}